"ID","Text","Retweets","Likes","Dato","Link","Formatteret_Date","Hashtags"

"1258876999461933058","Vote @MikeGarcia2020 by May 12th! His opponent @ChristyforCA25 voted to fire teachers, and cut their salaries while bumping up her pay. Now she’s mocking our Great Vets! We need Navy Fighter Pilot Mike Garcia in #CA25!","8262","25427","2020-05-08 21:50:40+00:00","https://twitter.com/realDonaldTrump/status/1258876999461933058","Fri May 08 9:50:40 PM +0000 2020","#CA25"

"1258876897519419394","....He is Strong on Crime, the Border, and Second Amendment. Tom has deep roots in Wisconsin, is a big Tax Cutter, and will help me DRAIN THE SWAMP! Tom has my Complete and Total Endorsement. Vote for Tom Tiffany!","5992","22204","2020-05-08 21:50:15+00:00","https://twitter.com/realDonaldTrump/status/1258876897519419394","Fri May 08 9:50:15 PM +0000 2020",""

"1258876896542101504","Tom Tiffany (@TomTiffanyWI) is a Great Advocate for the incredible people of Wisconsin (WI07). We need Tom in Congress to help us Make America Great Again! He will Fight for Small Business, supports our Incredible Farmers, Loves our Military and our Vets....","10466","39072","2020-05-08 21:50:15+00:00","https://twitter.com/realDonaldTrump/status/1258876896542101504","Fri May 08 9:50:15 PM +0000 2020",""

"1258853681405079552","","14930","57285","2020-05-08 20:18:00+00:00","https://twitter.com/realDonaldTrump/status/1258853681405079552","Fri May 08 8:18:00 PM +0000 2020",""

"1258853107573891075","","12188","49299","2020-05-08 20:15:43+00:00","https://twitter.com/realDonaldTrump/status/1258853107573891075","Fri May 08 8:15:43 PM +0000 2020",""

"1258804519816826883","","13018","42374","2020-05-08 17:02:39+00:00","https://twitter.com/realDonaldTrump/status/1258804519816826883","Fri May 08 5:02:39 PM +0000 2020",""

"1258803460394360833","....must read for anybody looking for U.S. Security and Protection. Go get it now and make Tom a Top Best Seller — he deserves it!","9989","48755","2020-05-08 16:58:27+00:00","https://twitter.com/realDonaldTrump/status/1258803460394360833","Fri May 08 4:58:27 PM +0000 2020",""

"1258803459303890946","Retired Ice Director Tom Homan knows more about the Border and Border Security than anyone. He’s a tough guy, but a good guy - and as smart as they come. His new book, “Defend The Border and Save Lives: Solving Our Most Important Humanitarian and Security Crisis” is a....","19799","85061","2020-05-08 16:58:26+00:00","https://twitter.com/realDonaldTrump/status/1258803459303890946","Fri May 08 4:58:26 PM +0000 2020",""

"1258720717258006530","DRAIN THE SWAMP!","63190","297811","2020-05-08 11:29:39+00:00","https://twitter.com/realDonaldTrump/status/1258720717258006530","Fri May 08 11:29:39 AM +0000 2020",""

"1258717838849847298","Yesterday was a BIG day for Justice in the USA. Congratulations to General Flynn, and many others. I do believe there is MUCH more to come! Dirty Cops and Crooked Politicians do not go well together!","47716","198385","2020-05-08 11:18:13+00:00","https://twitter.com/realDonaldTrump/status/1258717838849847298","Fri May 08 11:18:13 AM +0000 2020",""

"1258716204832825344","I will be interviewed on @foxandfriends at 8:00 A.M. Enjoy!","11954","74401","2020-05-08 11:11:43+00:00","https://twitter.com/realDonaldTrump/status/1258716204832825344","Fri May 08 11:11:43 AM +0000 2020",""

"1258546186014748673","https://twitter.com/realDonaldTrump/status/1258432889303248896","19529","81389","2020-05-07 23:56:08+00:00","https://twitter.com/realDonaldTrump/status/1258546186014748673","Thu May 07 11:56:08 PM +0000 2020",""

"1258479301994954754","","27588","120949","2020-05-07 19:30:21+00:00","https://twitter.com/realDonaldTrump/status/1258479301994954754","Thu May 07 7:30:21 PM +0000 2020",""

"1258465767751856130","Today, @FLOTUS celebrates the two year anniversary of #BeBest, her initiative dedicated to bringing awareness to issues that impact the lives of children. Congratulations, and thank you! https://www.whitehouse.gov/briefings-statements/first-lady-melania-trump-celebrates-second-anniversary-best/","12873","56358","2020-05-07 18:36:34+00:00","https://twitter.com/realDonaldTrump/status/1258465767751856130","Thu May 07 6:36:34 PM +0000 2020","#BeBest"

"1258448363281952768","....are getting caught doing very evil things, and Republicans should take note. This was grave misconduct by the Obama Justice Department! @GovChristie","18644","75718","2020-05-07 17:27:25+00:00","https://twitter.com/realDonaldTrump/status/1258448363281952768","Thu May 07 5:27:25 PM +0000 2020",""

"1258448362409426944","Congratulations to former Governor of New Jersey, Chris Christie, and all others involved, on a complete and total exoneration (with a 9-0 vote by the U.S. Supreme Court) on the Obama DOJ Scam referred to as “Bridgegate.” The Democrats....","30193","122389","2020-05-07 17:27:25+00:00","https://twitter.com/realDonaldTrump/status/1258448362409426944","Thu May 07 5:27:25 PM +0000 2020",""

"1258432889303248896","As you know, I designated this day to be a National Day of Prayer. As our Nation heals, our Spirit has never been Stronger!","27770","117532","2020-05-07 16:25:56+00:00","https://twitter.com/realDonaldTrump/status/1258432889303248896","Thu May 07 4:25:56 PM +0000 2020",""

"1258134788294270977","","15161","75972","2020-05-06 20:41:23+00:00","https://twitter.com/realDonaldTrump/status/1258134788294270977","Wed May 06 8:41:23 PM +0000 2020",""

"1258053124893347841","The Fake News has reached an all time high!","57175","314406","2020-05-06 15:16:53+00:00","https://twitter.com/realDonaldTrump/status/1258053124893347841","Wed May 06 3:16:53 PM +0000 2020",""

"1258020241063510018","....to it, as appropriate. The Task Force will also be very focused on Vaccines & Therapeutics. Thank you!","11819","61610","2020-05-06 13:06:13+00:00","https://twitter.com/realDonaldTrump/status/1258020241063510018","Wed May 06 1:06:13 PM +0000 2020",""

"1258020228006584320","....gloves, gowns etc. are now plentiful. The last four Governors teleconference calls have been conclusively strong. Because of this success, the Task Force will continue on indefinitely with its focus on SAFETY & OPENING UP OUR COUNTRY AGAIN. We may add or subtract people ....","12373","63190","2020-05-06 13:06:09+00:00","https://twitter.com/realDonaldTrump/status/1258020228006584320","Wed May 06 1:06:09 PM +0000 2020",""

"1258020211883638786","....produced in the thousands, and we have many to spare. We are helping other countries which are desperate for them. Likewise, after having been left little, we are now doing more testing than all other countries combined, and with superior tests. Face masks & shields,....","5407","22010","2020-05-06 13:06:06+00:00","https://twitter.com/realDonaldTrump/status/1258020211883638786","Wed May 06 1:06:06 PM +0000 2020",""

"1258020179692445697","The White House CoronaVirus Task Force, headed by Vice President Mike Pence, has done a fantastic job of bringing together vast highly complex resources that have set a high standard for others to follow in the future. Ventilators, which were few & in bad shape, are now being....","21448","106368","2020-05-06 13:05:58+00:00","https://twitter.com/realDonaldTrump/status/1258020179692445697","Wed May 06 1:05:58 PM +0000 2020",""

"1257873257732214784","Thank you @Honeywell!","17488","78744","2020-05-06 03:22:09+00:00","https://twitter.com/realDonaldTrump/status/1257873257732214784","Wed May 06 3:22:09 AM +0000 2020",""

"1257822958522753024","","25289","85608","2020-05-06 00:02:17+00:00","https://twitter.com/realDonaldTrump/status/1257822958522753024","Wed May 06 12:02:17 AM +0000 2020",""

"1257793742540386304","I was thrilled to be back in the Great State of Arizona with the incredible, patriotic, and hardworking men and women of @Honeywell!","12048","52167","2020-05-05 22:06:11+00:00","https://twitter.com/realDonaldTrump/status/1257793742540386304","Tue May 05 10:06:11 PM +0000 2020",""

"1257768408256409601","Will be doing a major interview tonight at 6:30 P.M. Eastern with @DavidMuir on @ABCWorldNews Tonight.","13447","62750","2020-05-05 20:25:31+00:00","https://twitter.com/realDonaldTrump/status/1257768408256409601","Tue May 05 8:25:31 PM +0000 2020",""

"1257753237790158848","On #NationalTeacherDay, we recognize the countless men and women who dedicate their lives to instilling character, integrity, and knowledge in the hearts and minds of our Nation’s students, thank you!","10254","44462","2020-05-05 19:25:14+00:00","https://twitter.com/realDonaldTrump/status/1257753237790158848","Tue May 05 7:25:14 PM +0000 2020","#NationalTeacherDay"

"1257744763832299520","Getting ready to land in the Great State of Arizona!","12905","106682","2020-05-05 18:51:34+00:00","https://twitter.com/realDonaldTrump/status/1257744763832299520","Tue May 05 6:51:34 PM +0000 2020",""

"1257744456591130624","Wow! Congratulations to Greg Gutfeld, a one time Trump Hater who has come all the way home. His Ratings easily beat no talent Stephen Colbert, nice guy Jimmy Fallon, and wacko “last placer” Jimmy Kimmel. Greg built his show from scratch, and did a great job in doing so. @FoxNews","31146","146253","2020-05-05 18:50:20+00:00","https://twitter.com/realDonaldTrump/status/1257744456591130624","Tue May 05 6:50:20 PM +0000 2020",""

"1257741326650470400","Well run States should not be bailing out poorly run States, using CoronaVirus as the excuse! The elimination of Sanctuary Cities, Payroll Taxes, and perhaps Capital Gains Taxes, must be put on the table. Also lawsuit indemnification & business deductions for restaurants & ent.","32026","122149","2020-05-05 18:37:54+00:00","https://twitter.com/realDonaldTrump/status/1257741326650470400","Tue May 05 6:37:54 PM +0000 2020",""

"1257736426206031874","Most of the money raised by the RINO losers of the so-called “Lincoln Project”, goes into their own pockets. With what I’ve done on Judges, Taxes, Regulations, Healthcare, the Military, Vets (Choice!) & protecting our great 2A, they should love Trump. Problem is, I BEAT THEM ALL!","19662","81825","2020-05-05 18:18:26+00:00","https://twitter.com/realDonaldTrump/status/1257736426206031874","Tue May 05 6:18:26 PM +0000 2020",""

"1257725719469158401","Remember this? Happy #CincoDeMayo!","20419","100962","2020-05-05 17:35:53+00:00","https://twitter.com/realDonaldTrump/status/1257725719469158401","Tue May 05 5:35:53 PM +0000 2020","#CincoDeMayo"

"1257715551729676289","The Do Nothing Democrats and their leader, the Fake News Lamestream Media, are doing everything possible to hurt and disparage our Country. No matter what we do or say, no matter how big a win, they report that it was a loss, or not good enough. The Enemy of the People!","33379","139570","2020-05-05 16:55:29+00:00","https://twitter.com/realDonaldTrump/status/1257715551729676289","Tue May 05 4:55:29 PM +0000 2020",""

"1257714716492722176","For the constant criticism from the Do Nothing Democrats and their Fake News partners, here is the newest chart on our great testing “miracle"" compared to other countries. Dems and LameStream Media should be proud of the USA, instead of always ripping us down!","22803","77675","2020-05-05 16:52:10+00:00","https://twitter.com/realDonaldTrump/status/1257714716492722176","Tue May 05 4:52:10 PM +0000 2020",""

"1257659682816241665","Governors should let roads and highway construction begin before heavy traffic starts, which will be soon. Some Governors never stopped, which proved to be very smart. They built and fixed roads during long no traffic periods. Also, saved big dollars!","27081","127539","2020-05-05 13:13:29+00:00","https://twitter.com/realDonaldTrump/status/1257659682816241665","Tue May 05 1:13:29 PM +0000 2020",""

"1257651144739950593","Heading to Arizona!","16933","144760","2020-05-05 12:39:33+00:00","https://twitter.com/realDonaldTrump/status/1257651144739950593","Tue May 05 12:39:33 PM +0000 2020",""

"1257650279740301314","Oil prices moving up nicely as demand begins again!","27100","170797","2020-05-05 12:36:07+00:00","https://twitter.com/realDonaldTrump/status/1257650279740301314","Tue May 05 12:36:07 PM +0000 2020",""

"1257649628327153664","Exciting to see our Country starting to open up again!","16047","71201","2020-05-05 12:33:32+00:00","https://twitter.com/realDonaldTrump/status/1257649628327153664","Tue May 05 12:33:32 PM +0000 2020",""

"1257532114666508291","....lost for Evan “McMuffin” McMullin (to me). Steve Schmidt & Reed Galvin lost for John McCain, Romney’s campaign manager (?) lost big to “O”, & Jennifer Horn got thrown out of the New Hampshire Republican Party. They’re all LOSERS, but Abe Lincoln, Republican, is all smiles!","13840","62048","2020-05-05 04:46:34+00:00","https://twitter.com/realDonaldTrump/status/1257532114666508291","Tue May 05 4:46:34 AM +0000 2020",""

"1257532112233803782","....because they don’t know how to win, and their so-called Lincoln Project is a disgrace to Honest Abe. I don’t know what Kellyanne did to her deranged loser of a husband, Moonface, but it must have been really bad. John Weaver lost big for Kasich (to me). Crazed Rick Wilson....","12659","56679","2020-05-05 04:46:34+00:00","https://twitter.com/realDonaldTrump/status/1257532112233803782","Tue May 05 4:46:34 AM +0000 2020",""

"1257532110971318274","....get even for all of their many failures. You see, these loser types don’t care about 252 new Federal Judges, 2 great Supreme Court Justices, a rebuilt military, a protected 2nd Amendment, biggest EVER Tax & Regulation cuts, and much more. I didn’t use any of them....","8134","33223","2020-05-05 04:46:33+00:00","https://twitter.com/realDonaldTrump/status/1257532110971318274","Tue May 05 4:46:33 AM +0000 2020",""

"1257532101966036993","A group of RINO Republicans who failed badly 12 years ago, then again 8 years ago, and then got BADLY beaten by me, a political first timer, 4 years ago, have copied (no imagination) the concept of an ad from Ronald Reagan, “Morning in America”, doing everything possible to....","22324","93018","2020-05-05 04:46:31+00:00","https://twitter.com/realDonaldTrump/status/1257532101966036993","Tue May 05 4:46:31 AM +0000 2020",""

"1257501668821868545","THANK YOU #USNSComfort!","15975","75923","2020-05-05 02:45:35+00:00","https://twitter.com/realDonaldTrump/status/1257501668821868545","Tue May 05 2:45:35 AM +0000 2020","#USNSComfort"

"1257438733240094726","MSDNC and FAKE NEWS CNN are going wild trying to protect China!","42450","177018","2020-05-04 22:35:30+00:00","https://twitter.com/realDonaldTrump/status/1257438733240094726","Mon May 04 10:35:30 PM +0000 2020",""

"1257438615828865025","A great new book, “Fortitude: American Resilience in the Era of Outrage” by former Navy Seal, and current Texas Congressman @DanCrenshawTX, is now available. A fantastic guy — get your copy today!","12031","45493","2020-05-04 22:35:02+00:00","https://twitter.com/realDonaldTrump/status/1257438615828865025","Mon May 04 10:35:02 PM +0000 2020",""

"1257315077243334656","Interesting? By Congress not wanting the special 5 minute testing apparatus, they are saying that they are not “essential”. In any event, we have great testing capacity, and have performed 6.5 million tests, which is more than every country in the world, combined!","33228","142090","2020-05-04 14:24:08+00:00","https://twitter.com/realDonaldTrump/status/1257315077243334656","Mon May 04 2:24:08 PM +0000 2020",""

"1257304527843110914","Mexico is sadly experiencing very big CoronaVirus problems, and now California, get this, doesn’t want people coming over the Southern Border. A Classic! They are sooo lucky that I am their President. Border is very tight and the Wall is rapidly being built!","57524","271796","2020-05-04 13:42:13+00:00","https://twitter.com/realDonaldTrump/status/1257304527843110914","Mon May 04 1:42:13 PM +0000 2020",""

"1257303100815261696","Republicans love the biggest Tax Cuts, Rebuilt Military, Choice for Vets, saving 2nd Amendment and many other things my Administration has done, but what they love beyond all else is 252 (so far!) Federal Judges, not including two great Supreme Court Justices. A Big Record!","23686","104407","2020-05-04 13:36:33+00:00","https://twitter.com/realDonaldTrump/status/1257303100815261696","Mon May 04 1:36:33 PM +0000 2020",""

"1257286796523814914","And I’m Endorsing you also Lacy, you truly deserve it. You are doing a great job, and Omar is a disaster who wants much higher taxes, hates our Military & our Vets, demands Open Borders, and is fighting to take away our great 2nd Amendment. Good luck Lacy!","35612","115519","2020-05-04 12:31:46+00:00","https://twitter.com/realDonaldTrump/status/1257286796523814914","Mon May 04 12:31:46 PM +0000 2020",""

"1257283775375040512","Getting great reviews, finally, for how well we are handling the pandemic, especially our strong production of desperately needed ventilators, the building of field hospitals & beds, and soon, the great things we are doing on testing. People are really working well together!","24203","126436","2020-05-04 12:19:45+00:00","https://twitter.com/realDonaldTrump/status/1257283775375040512","Mon May 04 12:19:45 PM +0000 2020",""

"1257258214615367680","“Concast” should open up a long overdue Florida Cold Case against Psycho Joe Scarborough. I know him and Crazy Mika well, used them beautifully in the last Election, dumped them nicely, and will state on the record that he is “nuts”. Besides, bad ratings! #OPENJOECOLDCASE","28436","103810","2020-05-04 10:38:11+00:00","https://twitter.com/realDonaldTrump/status/1257258214615367680","Mon May 04 10:38:11 AM +0000 2020","#OPENJOECOLDCASE"

"1257138589307219969","I’m with the TRUCKERS all the way. Thanks for the meeting at the White House with my representatives from the Administration. It is all going to work out well!","26446","152396","2020-05-04 02:42:50+00:00","https://twitter.com/realDonaldTrump/status/1257138589307219969","Mon May 04 2:42:50 AM +0000 2020",""

"1257129479455080448","","34437","113283","2020-05-04 02:06:38+00:00","https://twitter.com/realDonaldTrump/status/1257129479455080448","Mon May 04 2:06:38 AM +0000 2020",""

"1257069539294171140","","16025","59823","2020-05-03 22:08:28+00:00","https://twitter.com/realDonaldTrump/status/1257069539294171140","Sun May 03 10:08:28 PM +0000 2020",""

"1257047564219822080","Thank you Ryan. Working hard!","19308","89228","2020-05-03 20:41:08+00:00","https://twitter.com/realDonaldTrump/status/1257047564219822080","Sun May 03 8:41:08 PM +0000 2020",""

"1257041820124680192","....Fake News got it wrong again, as always, and tens of thousands of lives were saved by my EARLY BAN of China into our Country. The people that we’re allowed were heavily scrutinized and tested U.S. citizens, and as such, I welcome them with open arms!","23132","97659","2020-05-03 20:18:19+00:00","https://twitter.com/realDonaldTrump/status/1257041820124680192","Sun May 03 8:18:19 PM +0000 2020",""

"1257041819097092096","Intelligence has just reported to me that I was correct, and that they did NOT bring up the CoronaVirus subject matter until late into January, just prior to my banning China from the U.S. Also, they only spoke of the Virus in a very non-threatening, or matter of fact, manner...","41232","167150","2020-05-03 20:18:19+00:00","https://twitter.com/realDonaldTrump/status/1257041819097092096","Sun May 03 8:18:19 PM +0000 2020",""

"1257009530673803268","Thank you very much to our beautiful “boaters.” I will never let you down!","37755","187422","2020-05-03 18:10:00+00:00","https://twitter.com/realDonaldTrump/status/1257009530673803268","Sun May 03 6:10:00 PM +0000 2020",""

"1256957565562486784","....And then came a Plague, a great and powerful Plague, and the World was never to be the same again! But America rose from this death and destruction, always remembering its many lost souls, and the lost souls all over the World, and became greater than ever before!","49339","250473","2020-05-03 14:43:31+00:00","https://twitter.com/realDonaldTrump/status/1256957565562486784","Sun May 03 2:43:31 PM +0000 2020",""

"1256955754428448768","So nice to see this great honor. Thank you (but haven’t played golf in a long time)!","12439","60353","2020-05-03 14:36:19+00:00","https://twitter.com/realDonaldTrump/status/1256955754428448768","Sun May 03 2:36:19 PM +0000 2020",""

"1256954349491818501","Going well despite the Fake News!","14324","62200","2020-05-03 14:30:44+00:00","https://twitter.com/realDonaldTrump/status/1256954349491818501","Sun May 03 2:30:44 PM +0000 2020",""

"1256931676099350528","Some things never get old!","24099","84346","2020-05-03 13:00:38+00:00","https://twitter.com/realDonaldTrump/status/1256931676099350528","Sun May 03 1:00:38 PM +0000 2020",""

"1256930926485024768","Progress being made!","8359","35920","2020-05-03 12:57:40+00:00","https://twitter.com/realDonaldTrump/status/1256930926485024768","Sun May 03 12:57:40 PM +0000 2020",""

"1256930571760087041","Thank you!","18876","54556","2020-05-03 12:56:15+00:00","https://twitter.com/realDonaldTrump/status/1256930571760087041","Sun May 03 12:56:15 PM +0000 2020",""

"1256930134512357377","Keep punching Mike!","17414","115763","2020-05-03 12:54:31+00:00","https://twitter.com/realDonaldTrump/status/1256930134512357377","Sun May 03 12:54:31 PM +0000 2020",""

"1256929658890792960","Thank you!","10202","50469","2020-05-03 12:52:37+00:00","https://twitter.com/realDonaldTrump/status/1256929658890792960","Sun May 03 12:52:37 PM +0000 2020",""

"1256928926124904448","Wow!","23059","82563","2020-05-03 12:49:43+00:00","https://twitter.com/realDonaldTrump/status/1256928926124904448","Sun May 03 12:49:43 PM +0000 2020",""

"1256928204801089539","Hopefully our Country will soon mend. We are all missing our wonderful rallies, and many other things!","21177","91305","2020-05-03 12:46:51+00:00","https://twitter.com/realDonaldTrump/status/1256928204801089539","Sun May 03 12:46:51 PM +0000 2020",""

"1256921471286468609","Many complaints coming in about Maine. I love that State, won Maine 2 - Don’t make the cure worse than the problem itself. That can happen, you know!","15426","52171","2020-05-03 12:20:05+00:00","https://twitter.com/realDonaldTrump/status/1256921471286468609","Sun May 03 12:20:05 PM +0000 2020",""

"1256915740432760835","The Fake News doesn’t show real polls. Lamestream Media is totally CORRUPT, the Enemy of the People!","16859","65928","2020-05-03 11:57:19+00:00","https://twitter.com/realDonaldTrump/status/1256915740432760835","Sun May 03 11:57:19 AM +0000 2020",""

"1256911953903202307",".@PeteHegseth “Oh bye the way, I appreciate the message from former President Bush, but where was he during Impeachment calling for putting partisanship aside.” @foxandfriends He was nowhere to be found in speaking up against the greatest Hoax in American history!","29649","122389","2020-05-03 11:42:16+00:00","https://twitter.com/realDonaldTrump/status/1256911953903202307","Sun May 03 11:42:16 AM +0000 2020",""

"1256788149113520129","Beautiful, thank you to our GREAT @BlueAngels and @AFThunderbirds!","12661","61526","2020-05-03 03:30:19+00:00","https://twitter.com/realDonaldTrump/status/1256788149113520129","Sun May 03 3:30:19 AM +0000 2020",""

"1256721351722876933","No reason to turn it down, except politics. We have plenty of testing. Maybe you need a new Doctor over there. Crazy Nancy will use it as an excuse not to show up to work!","15893","58984","2020-05-02 23:04:53+00:00","https://twitter.com/realDonaldTrump/status/1256721351722876933","Sat May 02 11:04:53 PM +0000 2020",""

"1256720284540981248","The Democrats are just, as always, looking for trouble. They do nothing constructive, even in times of crisis. They don’t want to blame their cash cow, China, for the plague. China is blaming Europe. Dr. Fauci will be testifying before the Senate very soon! #DONOTHINGDEMOCRATS","17143","54354","2020-05-02 23:00:39+00:00","https://twitter.com/realDonaldTrump/status/1256720284540981248","Sat May 02 11:00:39 PM +0000 2020","#DONOTHINGDEMOCRATS"

"1256713236331794437","Not much time to sleep. Thank you!","18934","77706","2020-05-02 22:32:38+00:00","https://twitter.com/realDonaldTrump/status/1256713236331794437","Sat May 02 10:32:38 PM +0000 2020",""

"1256711660787695616","So true, although Honest Abe wasn’t bad. Thank you!","21759","102132","2020-05-02 22:26:23+00:00","https://twitter.com/realDonaldTrump/status/1256711660787695616","Sat May 02 10:26:23 PM +0000 2020",""

"1256702883199881216","She was thrown off The View like a dog, Zero T.V. Personas. Now Wallace is a 3rd rate lapdog for Fake News MSDNC (Concast). Doesn’t have what it takes!","15430","58007","2020-05-02 21:51:30+00:00","https://twitter.com/realDonaldTrump/status/1256702883199881216","Sat May 02 9:51:30 PM +0000 2020",""

"1256698677864861697","Very cool. Please thank him!","42959","201677","2020-05-02 21:34:47+00:00","https://twitter.com/realDonaldTrump/status/1256698677864861697","Sat May 02 9:34:47 PM +0000 2020",""

"1256696015702425601","I, for one, am glad to see he is back, and well!","25587","123146","2020-05-02 21:24:13+00:00","https://twitter.com/realDonaldTrump/status/1256696015702425601","Sat May 02 9:24:13 PM +0000 2020",""

"1256693593961627655","Border Wall is going up FAST. Over 172 miles already built. 450 miles by early next year, or sooner! Dems want OPEN BORDERS. I want STRONG BORDERS!","25575","98724","2020-05-02 21:14:35+00:00","https://twitter.com/realDonaldTrump/status/1256693593961627655","Sat May 02 9:14:35 PM +0000 2020",""

"1256691828516151296","The Impeachment Hoax will be exposed. Crazy Nancy gets Nothing Done, that’s why she got thrown out as Speaker the first time. Also, she should come back to Washington now!","16613","53349","2020-05-02 21:07:34+00:00","https://twitter.com/realDonaldTrump/status/1256691828516151296","Sat May 02 9:07:34 PM +0000 2020",""

"1256687254703157252","I hate to be promoting AT&T, but @OANN is Great News, not Fake News. Everybody should be carrying them!","17314","60252","2020-05-02 20:49:24+00:00","https://twitter.com/realDonaldTrump/status/1256687254703157252","Sat May 02 8:49:24 PM +0000 2020",""

"1256683935444226048","That’s right Jack. Keep up the good work!","9704","43176","2020-05-02 20:36:12+00:00","https://twitter.com/realDonaldTrump/status/1256683935444226048","Sat May 02 8:36:12 PM +0000 2020",""

"1256676153630363649","","46016","149991","2020-05-02 20:05:17+00:00","https://twitter.com/realDonaldTrump/status/1256676153630363649","Sat May 02 8:05:17 PM +0000 2020",""

"1256630090328346624","Thank you Michael. You also!","14136","54090","2020-05-02 17:02:15+00:00","https://twitter.com/realDonaldTrump/status/1256630090328346624","Sat May 02 5:02:15 PM +0000 2020",""

"1256628709496369152","The Russia Hoax is the biggest political scandal in American history. Treason!!! Lets see how it ends????","36195","106670","2020-05-02 16:56:46+00:00","https://twitter.com/realDonaldTrump/status/1256628709496369152","Sat May 02 4:56:46 PM +0000 2020",""

"1256589520608378881","Thank you!","18128","106657","2020-05-02 14:21:02+00:00","https://twitter.com/realDonaldTrump/status/1256589520608378881","Sat May 02 2:21:02 PM +0000 2020",""

"1256573581657604096","96% Approval Rating in the Republican Party. Thank you! Also, just out, highest ever Approval Rating overall in the new Gallup Poll, and shows “Trump beating Sleepy Joe Biden.”","37345","209300","2020-05-02 13:17:42+00:00","https://twitter.com/realDonaldTrump/status/1256573581657604096","Sat May 02 1:17:42 PM +0000 2020",""

"1256570859935932416","There is tremendous CoronaVirus testing capacity in Washington for the Senators returning to Capital Hill on Monday. Likewise the House, which should return but isn’t because of Crazy Nancy P. The 5 minute Abbott Test will be used. Please inform Dr. Brian P. Monahan. @MarkMeadows","19666","76169","2020-05-02 13:06:53+00:00","https://twitter.com/realDonaldTrump/status/1256570859935932416","Sat May 02 1:06:53 PM +0000 2020",""

"1256428766110404608","","13459","51546","2020-05-02 03:42:15+00:00","https://twitter.com/realDonaldTrump/status/1256428766110404608","Sat May 02 3:42:15 AM +0000 2020",""

"1256366878873792512","Don’t allow RIGGED ELECTIONS!","38558","122869","2020-05-01 23:36:20+00:00","https://twitter.com/realDonaldTrump/status/1256366878873792512","Fri May 01 11:36:20 PM +0000 2020",""

"1256355830917726211","","10564","40917","2020-05-01 22:52:26+00:00","https://twitter.com/realDonaldTrump/status/1256355830917726211","Fri May 01 10:52:26 PM +0000 2020",""

"1256355575576834052","","10095","41830","2020-05-01 22:51:25+00:00","https://twitter.com/realDonaldTrump/status/1256355575576834052","Fri May 01 10:51:25 PM +0000 2020",""

"1256323537939230720","","21938","88273","2020-05-01 20:44:07+00:00","https://twitter.com/realDonaldTrump/status/1256323537939230720","Fri May 01 8:44:07 PM +0000 2020",""

"1256313938247127041","....Together we will Fight for Small Businesses and Protect American Energy workers! Shelley has my Complete and Total Endorsement!","6345","25062","2020-05-01 20:05:58+00:00","https://twitter.com/realDonaldTrump/status/1256313938247127041","Fri May 01 8:05:58 PM +0000 2020",""

"1256313936980226048","Senator Shelley Moore Capito (@CapitoforWV) is doing a tremendous job for the great people of West Virginia! She strongly defends our Second Amendment, Supports our Veterans and is Strong on Life and the Border....","11520","49302","2020-05-01 20:05:58+00:00","https://twitter.com/realDonaldTrump/status/1256313936980226048","Fri May 01 8:05:58 PM +0000 2020",""

"1256243856166850560","Concast (@NBCNews) and Fake News @CNN are going out of their way to say GREAT things about China. They are Chinese puppets who want to do business there. They use USA airwaves to help China. The Enemy of the People!","45811","164483","2020-05-01 15:27:29+00:00","https://twitter.com/realDonaldTrump/status/1256243856166850560","Fri May 01 3:27:29 PM +0000 2020",""

"1256202305680158720","The Governor of Michigan should give a little, and put out the fire. These are very good people, but they are angry. They want their lives back again, safely! See them, talk to them, make a deal.","40777","210204","2020-05-01 12:42:23+00:00","https://twitter.com/realDonaldTrump/status/1256202305680158720","Fri May 01 12:42:23 PM +0000 2020",""

"1256195312965877760","Cryin Chuck Schumer, compared to what other Senators have brought home to their states, has brought very little back to N.Y. A totally overrated loser, the one thing he has given them is SALT. He never even called me to stop it. No wonder Cuomo & most others can’t stand him. AOC!","21104","90607","2020-05-01 12:14:36+00:00","https://twitter.com/realDonaldTrump/status/1256195312965877760","Fri May 01 12:14:36 PM +0000 2020",""

"1256193615724007425","Cryin’ Chuck Schumer was on a late night show using a false talking point over & over again. “We don’t have enough testing ,” he would repeat, when he knows we have done a great job on Testing, just like we have on Ventilators and everything else. He lied, gave NY SALT. Run AOC!","25381","110060","2020-05-01 12:07:51+00:00","https://twitter.com/realDonaldTrump/status/1256193615724007425","Fri May 01 12:07:51 PM +0000 2020",""

"1256190556839051264","Dirty Cop!","19709","82790","2020-05-01 11:55:42+00:00","https://twitter.com/realDonaldTrump/status/1256190556839051264","Fri May 01 11:55:42 AM +0000 2020",""

"1256190183298473985","I have done more for farmers and ranchers than any President in history, and it has been my honor in doing so!","15501","68919","2020-05-01 11:54:13+00:00","https://twitter.com/realDonaldTrump/status/1256190183298473985","Fri May 01 11:54:13 AM +0000 2020",""

"1256024228777857025","“The only thing we got wrong is that it was even worse (the corruption) than we thought.” @Jim_Jordan DIRTY COPS!","38316","157294","2020-05-01 00:54:46+00:00","https://twitter.com/realDonaldTrump/status/1256024228777857025","Fri May 01 12:54:46 AM +0000 2020",""

"1256016249169084417","Vote @MikeGarcia2020 by May 12th! His opponent @ChristyforCA25 voted to fire teachers, and cut their salaries while bumping up her pay. Now she’s mocking our Great Vets! We need Navy Fighter Pilot Mike Garcia in #CA25!","11276","35192","2020-05-01 00:23:04+00:00","https://twitter.com/realDonaldTrump/status/1256016249169084417","Fri May 01 12:23:04 AM +0000 2020","#CA25"

"1256013240896835585","....He is Strong on Crime, the Border, and Second Amendment. Tom has deep roots in Wisconsin, is a big Tax Cutter, and will help me DRAIN THE SWAMP! Tom has my Complete and Total Endorsement. Vote for Tom Tiffany!","8552","33549","2020-05-01 00:11:06+00:00","https://twitter.com/realDonaldTrump/status/1256013240896835585","Fri May 01 12:11:06 AM +0000 2020",""

"1256013239487549441","Tom Tiffany (@TomTiffanyWI) is a Great Advocate for the incredible people of Wisconsin (WI07). We need Tom in Congress to help us Make America Great Again! He will Fight for Small Business, supports our Incredible Farmers, Loves our Military and our Vets....","13649","56389","2020-05-01 00:11:06+00:00","https://twitter.com/realDonaldTrump/status/1256013239487549441","Fri May 01 12:11:06 AM +0000 2020",""

"1255926261068763143","Over 120 MILLION Economic Impact Payments have already gone out to hardworking Americans! If you haven’t yet received your payment, go to http://IRS.gov and click on “GET MY PAYMENT” to receive your money FAST!","16962","65314","2020-04-30 18:25:29+00:00","https://twitter.com/realDonaldTrump/status/1255926261068763143","Thu Apr 30 6:25:29 PM +0000 2020",""

"1255861756741726208","We can’t let the Fake News, and their partner, the Radical Left, Do Nothing Democrats, get away with stealing the Election. They tried that in 2016. How did that work out?","45191","207045","2020-04-30 14:09:10+00:00","https://twitter.com/realDonaldTrump/status/1255861756741726208","Thu Apr 30 2:09:10 PM +0000 2020",""

"1255842713603387392","The Do Nothing Democrats!","12493","44124","2020-04-30 12:53:30+00:00","https://twitter.com/realDonaldTrump/status/1255842713603387392","Thu Apr 30 12:53:30 PM +0000 2020",""

"1255837215927787520","FAKE NEWS!","11899","44791","2020-04-30 12:31:39+00:00","https://twitter.com/realDonaldTrump/status/1255837215927787520","Thu Apr 30 12:31:39 PM +0000 2020",""

"1255837028526297088","Great!","13620","59313","2020-04-30 12:30:54+00:00","https://twitter.com/realDonaldTrump/status/1255837028526297088","Thu Apr 30 12:30:54 PM +0000 2020",""

"1255832117583495169","DIRTY COP JAMES COMEY GOT CAUGHT!","54974","245393","2020-04-30 12:11:23+00:00","https://twitter.com/realDonaldTrump/status/1255832117583495169","Thu Apr 30 12:11:23 PM +0000 2020",""

"1255829937690480643","Plus many!","13874","49282","2020-04-30 12:02:43+00:00","https://twitter.com/realDonaldTrump/status/1255829937690480643","Thu Apr 30 12:02:43 PM +0000 2020",""

"1255829082660577283","Really? Have you looked at the numbers lately!","8167","39754","2020-04-30 11:59:20+00:00","https://twitter.com/realDonaldTrump/status/1255829082660577283","Thu Apr 30 11:59:20 AM +0000 2020",""

"1255828428814770176","FAKE POLLING, just like 2016 (but worse)!","19819","117735","2020-04-30 11:56:44+00:00","https://twitter.com/realDonaldTrump/status/1255828428814770176","Thu Apr 30 11:56:44 AM +0000 2020",""

"1255826177350144001","What happened to General Michael Flynn, a war hero, should never be allowed to happen to a citizen of the United States again!","38990","165761","2020-04-30 11:47:47+00:00","https://twitter.com/realDonaldTrump/status/1255826177350144001","Thu Apr 30 11:47:47 AM +0000 2020",""

"1255825998521741312","Does anybody really believe that Roger Stone, a man whose house was raided early in the morning by 29 gun toting FBI Agents (with Fake News @CNN closely in toe), was treated fairly. How about the jury forewoman with her unannounced hatred &amp; bias. Same scammers as General Flynn!","29360","101940","2020-04-30 11:47:04+00:00","https://twitter.com/realDonaldTrump/status/1255825998521741312","Thu Apr 30 11:47:04 AM +0000 2020",""

"1255825648448348161","Despite reports to the contrary, Sweden is paying heavily for its decision not to lockdown. As of today, 2462 people have died there, a much higher number than the neighboring countries of Norway (207), Finland (206) or Denmark (443). The United States made the correct decision!","17825","86481","2020-04-30 11:45:41+00:00","https://twitter.com/realDonaldTrump/status/1255825648448348161","Thu Apr 30 11:45:41 AM +0000 2020",""

"1255718837762306049","Lyin’ Brian Williams of MSDNC!","20251","61798","2020-04-30 04:41:15+00:00","https://twitter.com/realDonaldTrump/status/1255718837762306049","Thu Apr 30 4:41:15 AM +0000 2020",""

"1255714490554953736","I must admit that Lyin’ Brian Williams is, while dumber than hell, quite a bit smarter than Fake News @CNN “anchorman” Don Lemon, the “dumbest man on television”. Then you have Psycho Joe “What Ever Happened To Your Girlfriend?” Scarborough, another of the low I.Q. individuals!","36183","151150","2020-04-30 04:23:59+00:00","https://twitter.com/realDonaldTrump/status/1255714490554953736","Thu Apr 30 4:23:59 AM +0000 2020",""

"1255710938075889664","Lyin’ Brian Williams of MSDNC, a Concast Scam Company, wouldn’t know the truth if it was nailed to his wooden forehead. Remember when he lied about his bravery in a helicopter? Totally made up story. He’s a true dummy who was thrown off Network News like a dog. Stay tuned!","25107","111272","2020-04-30 04:09:52+00:00","https://twitter.com/realDonaldTrump/status/1255710938075889664","Thu Apr 30 4:09:52 AM +0000 2020",""

"1255708741950943233","Just told that Fake News @CNN is falsely reporting that I was recently shouting at my campaign manager over made up nonsense. Actually, he is doing a great job, I never shouted at him (been with me for years, including the 2016 win), &amp; have no intention to do so. Just FAKE NEWS!","27106","120421","2020-04-30 04:01:08+00:00","https://twitter.com/realDonaldTrump/status/1255708741950943233","Thu Apr 30 4:01:08 AM +0000 2020",""

"1255706636972363776",".@CNN doesn’t want to speak about their persecution of General Michael Flynn &amp; why they got the story so wrong. They, along with others, should pay a big price for what they have purposely done to this man &amp; his family. They won’t even cover the big breaking news about this scam!","43444","148925","2020-04-30 03:52:46+00:00","https://twitter.com/realDonaldTrump/status/1255706636972363776","Thu Apr 30 3:52:46 AM +0000 2020",""

"1255696235970940934","","16124","54270","2020-04-30 03:11:27+00:00","https://twitter.com/realDonaldTrump/status/1255696235970940934","Thu Apr 30 3:11:27 AM +0000 2020",""

"1255661296047067138","Happy Birthday to three time Olympian and five term Congressman, @JimRyun!","7766","49023","2020-04-30 00:52:36+00:00","https://twitter.com/realDonaldTrump/status/1255661296047067138","Thu Apr 30 12:52:36 AM +0000 2020",""

"1255657225659523072","","27557","83081","2020-04-30 00:36:26+00:00","https://twitter.com/realDonaldTrump/status/1255657225659523072","Thu Apr 30 12:36:26 AM +0000 2020",""

"1255656645759246341","","29379","82714","2020-04-30 00:34:07+00:00","https://twitter.com/realDonaldTrump/status/1255656645759246341","Thu Apr 30 12:34:07 AM +0000 2020",""

"1255510996623527936","No, I think Amash would make a wonderful candidate, especially since he is way behind in his district and has no chance of maintaining his Congressional seat. He almost always votes for the Do Nothing Dems anyway. I like him even more than Jill Stein!","14960","62010","2020-04-29 14:55:22+00:00","https://twitter.com/realDonaldTrump/status/1255510996623527936","Wed Apr 29 2:55:22 PM +0000 2020",""

"1255507868280856581","THANK YOU @MarkLevinShow!","22444","70210","2020-04-29 14:42:56+00:00","https://twitter.com/realDonaldTrump/status/1255507868280856581","Wed Apr 29 2:42:56 PM +0000 2020",""

"1255484391364665351","At least they admit it. The Failing @nytimes &amp; @washingtonpost never correct their Fake Reporting!","22920","74131","2020-04-29 13:09:39+00:00","https://twitter.com/realDonaldTrump/status/1255484391364665351","Wed Apr 29 1:09:39 PM +0000 2020",""

"1255352014042738688","The only reason the U.S. has reported one million cases of CoronaVirus is that our Testing is sooo much better than any other country in the World. Other countries are way behind us in Testing, and therefore show far fewer cases!","43246","261896","2020-04-29 04:23:38+00:00","https://twitter.com/realDonaldTrump/status/1255352014042738688","Wed Apr 29 4:23:38 AM +0000 2020",""

"1255325711960768514","THANK YOU MICHAEL! @bittyandbeaus","17468","79153","2020-04-29 02:39:07+00:00","https://twitter.com/realDonaldTrump/status/1255325711960768514","Wed Apr 29 2:39:07 AM +0000 2020",""

"1255231394923646976"," https://twitter.com/realDonaldTrump/status/1255145720136359945","21177","89695","2020-04-28 20:24:20+00:00","https://twitter.com/realDonaldTrump/status/1255231394923646976","Tue Apr 28 8:24:20 PM +0000 2020",""

"1255228926428942339","","13624","62685","2020-04-28 20:14:31+00:00","https://twitter.com/realDonaldTrump/status/1255228926428942339","Tue Apr 28 8:14:31 PM +0000 2020",""

"1255145720136359945","Thank you @BlueAngels and @AFThunderbirds! #AmericaStrong https://twitter.com/BlueAngels/status/1255144203849326594","12830","50497","2020-04-28 14:43:53+00:00","https://twitter.com/realDonaldTrump/status/1255145720136359945","Tue Apr 28 2:43:53 PM +0000 2020","#AmericaStrong"

"1255133977360265218","But I love Diamond & Silk, and so do millions of people!","25244","112838","2020-04-28 13:57:14+00:00","https://twitter.com/realDonaldTrump/status/1255133977360265218","Tue Apr 28 1:57:14 PM +0000 2020",""

"1255130302655148033","Texas to open businesses in phases beginning Friday. Great job being done by @GregAbbott_TX","26196","148271","2020-04-28 13:42:38+00:00","https://twitter.com/realDonaldTrump/status/1255130302655148033","Tue Apr 28 1:42:38 PM +0000 2020",""

"1255129366234890240","Many States moving to SAFELY & QUICKLY reopen!","32935","215001","2020-04-28 13:38:54+00:00","https://twitter.com/realDonaldTrump/status/1255129366234890240","Tue Apr 28 1:38:54 PM +0000 2020",""

"1255105998471249923","We are doing far more, and better, Testing than any other country in the world, and yet the media does nothing but complain. No matter how good a job is done, the same as with the Ventilators, they will never say we are doing a great job, they will only viciously gripe!","38629","220776","2020-04-28 12:06:03+00:00","https://twitter.com/realDonaldTrump/status/1255105998471249923","Tue Apr 28 12:06:03 PM +0000 2020",""

"1254967193420402696","Because Shifty is a crooked politician!","29796","114611","2020-04-28 02:54:29+00:00","https://twitter.com/realDonaldTrump/status/1254967193420402696","Tue Apr 28 2:54:29 AM +0000 2020",""

"1254908072067313670","","18029","81558","2020-04-27 22:59:34+00:00","https://twitter.com/realDonaldTrump/status/1254908072067313670","Mon Apr 27 10:59:34 PM +0000 2020",""

"1254877727804600321","I will be having a White House Press Conference today at 5:30 P.M. Thank you!","16128","127659","2020-04-27 20:58:59+00:00","https://twitter.com/realDonaldTrump/status/1254877727804600321","Mon Apr 27 8:58:59 PM +0000 2020",""

"1254782650679615492","Why should the people and taxpayers of America be bailing out poorly run states (like Illinois, as example) and cities, in all cases Democrat run and managed, when most of the other states are not looking for bailout help? I am open to discussing anything, but just asking?","47068","219103","2020-04-27 14:41:11+00:00","https://twitter.com/realDonaldTrump/status/1254782650679615492","Mon Apr 27 2:41:11 PM +0000 2020",""

"1254769296280031232","FAKE NEWS, THE ENEMY OF THE PEOPLE!","81132","402316","2020-04-27 13:48:07+00:00","https://twitter.com/realDonaldTrump/status/1254769296280031232","Mon Apr 27 1:48:07 PM +0000 2020",""

"1254767509460234243","There has never been, in the history of our Country, a more vicious or hostile Lamestream Media than there is right now, even in the midst of a National Emergency, the Invisible Enemy!","47548","217293","2020-04-27 13:41:01+00:00","https://twitter.com/realDonaldTrump/status/1254767509460234243","Mon Apr 27 1:41:01 PM +0000 2020",""

"1254747293414305792","Blame the Democrats for any “lateness” in your Enhanced Unemployment Insurance. I wanted the money to be paid directly, they insisted it be paid by states for distribution. I told them this would happen, especially with many states which have old computers.","43712","177465","2020-04-27 12:20:41+00:00","https://twitter.com/realDonaldTrump/status/1254747293414305792","Mon Apr 27 12:20:41 PM +0000 2020",""

"1254586604360011776","So true!","27160","136218","2020-04-27 01:42:10+00:00","https://twitter.com/realDonaldTrump/status/1254586604360011776","Mon Apr 27 1:42:10 AM +0000 2020",""

"1254577575449497602","American citizens! We were long ahead of Dems, who were all against the BAN.","16214","62001","2020-04-27 01:06:17+00:00","https://twitter.com/realDonaldTrump/status/1254577575449497602","Mon Apr 27 1:06:17 AM +0000 2020",""

"1254575880510287872","Great!","11992","54742","2020-04-27 00:59:33+00:00","https://twitter.com/realDonaldTrump/status/1254575880510287872","Mon Apr 27 12:59:33 AM +0000 2020",""

"1254566538725797888","They are one of the worst in the “news” business. Total slime balls!","14321","57029","2020-04-27 00:22:26+00:00","https://twitter.com/realDonaldTrump/status/1254566538725797888","Mon Apr 27 12:22:26 AM +0000 2020",""

"1254565907399139328","They asked me to be at West Point on June 13th., & I will be there!","13486","57955","2020-04-27 00:19:55+00:00","https://twitter.com/realDonaldTrump/status/1254565907399139328","Mon Apr 27 12:19:55 AM +0000 2020",""

"1254564582020059136","Laura, just another Fake News Report!","10063","44353","2020-04-27 00:14:39+00:00","https://twitter.com/realDonaldTrump/status/1254564582020059136","Mon Apr 27 12:14:39 AM +0000 2020",""

"1254544354603143168","Does anybody get the meaning of what a so-called Noble (not Nobel) Prize is, especially as it pertains to Reporters and Journalists? Noble is defined as, “having or showing fine personal qualities or high moral principles and ideals.” Does sarcasm ever work?","32631","177055","2020-04-26 22:54:17+00:00","https://twitter.com/realDonaldTrump/status/1254544354603143168","Sun Apr 26 10:54:17 PM +0000 2020",""

"1254529069733105665","Reports that H.H.S. Secretary @AlexAzar is going to be “fired” by me are Fake News. The Lamestream Media knows this, but they are desperate to create the perception of chaos &amp; havoc in the minds of the public. They never even called to ask. Alex is doing an excellent job!","23205","92395","2020-04-26 21:53:32+00:00","https://twitter.com/realDonaldTrump/status/1254529069733105665","Sun Apr 26 9:53:32 PM +0000 2020",""

"1254520891863678977","....fraud @donnabrazile (and others who are even worse). Chris Wallace is nastier to Republicans than even Deface the Nation or Sleepy Eyes. The people who are watching @FoxNews, in record numbers (thank you President Trump), are angry. They want an alternative now. So do I!","17508","70233","2020-04-26 21:21:03+00:00","https://twitter.com/realDonaldTrump/status/1254520891863678977","Sun Apr 26 9:21:03 PM +0000 2020",""

"1254520890991218691","....Even the Radical Left Do Nothing Democrats laughed at the Fox suggestion. No respect for the people running @FoxNews. But Fox keeps on plugging to try and become politically correct. They put RINO Paul Ryan on their Board. They hire “debate questions to Crooked Hillary”....","13726","56243","2020-04-26 21:21:02+00:00","https://twitter.com/realDonaldTrump/status/1254520890991218691","Sun Apr 26 9:21:02 PM +0000 2020",""

"1254520889212837890",".@FoxNews just doesn’t get what’s happening! They are being fed Democrat talking points, and they play them without hesitation or research. They forgot that Fake News @CNN &amp; MSDNC wouldn’t let @FoxNews participate, even a little bit, in the poor ratings Democrat Debates.....","24098","97642","2020-04-26 21:21:02+00:00","https://twitter.com/realDonaldTrump/status/1254520889212837890","Sun Apr 26 9:21:02 PM +0000 2020",""

"1254477491642732552","....schedule and eating habits, written by a third rate reporter who knows nothing about me. I will often be in the Oval Office late into the night & read & see that I am angrily eating a hamburger & Diet Coke in my bedroom. People with me are always stunned. Anything to demean!","19435","98284","2020-04-26 18:28:35+00:00","https://twitter.com/realDonaldTrump/status/1254477491642732552","Sun Apr 26 6:28:35 PM +0000 2020",""

"1254477490678104064","I work from early in the morning until late at night, haven’t left the White House in many months (except to launch Hospital Ship Comfort) in order to take care of Trade Deals, Military Rebuilding etc., and then I read a phony story in the failing @nytimes about my work....","30209","151919","2020-04-26 18:28:35+00:00","https://twitter.com/realDonaldTrump/status/1254477490678104064","Sun Apr 26 6:28:35 PM +0000 2020",""

"1254475682723307520","The people that know me and know the history of our Country say that I am the hardest working President in history. I don’t know about that, but I am a hard worker and have probably gotten more done in the first 3 1/2 years than any President in history. The Fake News hates it!","51680","289474","2020-04-26 18:21:24+00:00","https://twitter.com/realDonaldTrump/status/1254475682723307520","Sun Apr 26 6:21:24 PM +0000 2020",""

"1254465783821934595",".@CardinalDolan Thank you for a great call yesterday with Catholic Leaders, and a great Service today from @StPatsNYC!","9601","54735","2020-04-26 17:42:04+00:00","https://twitter.com/realDonaldTrump/status/1254465783821934595","Sun Apr 26 5:42:04 PM +0000 2020",""

"1254441783523762182","Happy Birthday to Melania, our great First Lady!","65190","581386","2020-04-26 16:06:42+00:00","https://twitter.com/realDonaldTrump/status/1254441783523762182","Sun Apr 26 4:06:42 PM +0000 2020",""

"1254215201911644163","Had a great call with Catholic Leaders and Educators earlier today. I will be online tomorrow at 10:15 A.M. (Eastern) for Sunday Mass celebrated by @CardinalDolan at St. Patrick’s Cathedral (@StPatsNYC) in New York City. Join me: https://saintpatrickscathedral.org/live","17333","82635","2020-04-26 01:06:20+00:00","https://twitter.com/realDonaldTrump/status/1254215201911644163","Sun Apr 26 1:06:20 AM +0000 2020",""

"1254174221481246721","I never said the pandemic was a Hoax! Who would say such a thing? I said that the Do Nothing Democrats, together with their Mainstream Media partners, are the Hoax. They have been called out & embarrassed on this, even admitting they were wrong, but continue to spread the lie!","58191","281352","2020-04-25 22:23:30+00:00","https://twitter.com/realDonaldTrump/status/1254174221481246721","Sat Apr 25 10:23:30 PM +0000 2020",""

"1254172638307586049","Remember, the Cure can’t be worse than the problem itself. Be careful, be safe, use common sense!","60118","334460","2020-04-25 22:17:13+00:00","https://twitter.com/realDonaldTrump/status/1254172638307586049","Sat Apr 25 10:17:13 PM +0000 2020",""

"1254168730898173953","What is the purpose of having White House News Conferences when the Lamestream Media asks nothing but hostile questions, & then refuses to report the truth or facts accurately. They get record ratings, & the American people get nothing but Fake News. Not worth the time & effort!","53431","244230","2020-04-25 22:01:41+00:00","https://twitter.com/realDonaldTrump/status/1254168730898173953","Sat Apr 25 10:01:41 PM +0000 2020",""

"1254145835450933249","Was just informed that the Fake News from the Thursday White House Press Conference had me speaking & asking questions of Dr. Deborah Birx. Wrong, I was speaking to our Laboratory expert, not Deborah, about sunlight etc. & the CoronaVirus. The Lamestream Media is corrupt & sick!","42092","193297","2020-04-25 20:30:42+00:00","https://twitter.com/realDonaldTrump/status/1254145835450933249","Sat Apr 25 8:30:42 PM +0000 2020",""

"1254077550541844480","If the Wall Street Journal “Editorial” writers had called, as they should have, they would have easily found that I was “NOT happy with the Georgia Governor on Tuesday night.” You said the opposite, and got it wrong as you often do!","23275","111989","2020-04-25 15:59:22+00:00","https://twitter.com/realDonaldTrump/status/1254077550541844480","Sat Apr 25 3:59:22 PM +0000 2020",""

"1254064154954076163","The Do Nothing Democrats are spending much of their money on Fake Ads. I never said that the CoronaVirus is a “Hoax”, I said that the Democrats, and the way they lied about it, are a Hoax. Also, it did start with “one person from China”, and then grew, & will be a “Miracle” end!","34054","143413","2020-04-25 15:06:08+00:00","https://twitter.com/realDonaldTrump/status/1254064154954076163","Sat Apr 25 3:06:08 PM +0000 2020",""

"1254061979607711745","We have now Tested more than 5 Million People. That is more than any other country in the World, and even more than all major countries combined!","28694","166780","2020-04-25 14:57:29+00:00","https://twitter.com/realDonaldTrump/status/1254061979607711745","Sat Apr 25 2:57:29 PM +0000 2020",""

"1254060573655998466","It is a wonderful feeling to know that our States are loaded up with Ventilators, many brand new and high quality just off of our production lines, and that we are now in a position to help other countries that so desperately need them. Every person needing a Ventilator got one!","23346","125897","2020-04-25 14:51:54+00:00","https://twitter.com/realDonaldTrump/status/1254060573655998466","Sat Apr 25 2:51:54 PM +0000 2020",""

"1254050117767880706","Just spoke to Prime Minister Abiy Ahmed Ali of Ethiopia. His Country needs Ventilators, and the U.S. is in good position to help him. We will!","27386","183400","2020-04-25 14:10:21+00:00","https://twitter.com/realDonaldTrump/status/1254050117767880706","Sat Apr 25 2:10:21 PM +0000 2020",""

"1254032243770736642","Many testing sites are, and have been, open & available. Just passed 5 Million Tests, far more than any other country in the world. In fact, more than all other major countries combined! Don’t believe the Fake News!","11307","42155","2020-04-25 12:59:20+00:00","https://twitter.com/realDonaldTrump/status/1254032243770736642","Sat Apr 25 12:59:20 PM +0000 2020",""

"1254028869859971072","Thank you to the people of Colorado for the warm and gracious notes and letters sent to me for all of the Ventilators we got for you. It was my great honor! @SenCoryGardner","17927","112322","2020-04-25 12:45:55+00:00","https://twitter.com/realDonaldTrump/status/1254028869859971072","Sat Apr 25 12:45:55 PM +0000 2020",""

"1254022414058631170",".@TripleH is a total winner!","20549","105065","2020-04-25 12:20:16+00:00","https://twitter.com/realDonaldTrump/status/1254022414058631170","Sat Apr 25 12:20:16 PM +0000 2020",""

"1254021070379769856","Thank you to William Perry Pendley of the Bureau of Land Management. Great job on @TuckerCarlson describing some of the most beautiful land in the world! @FoxNews","11191","57699","2020-04-25 12:14:56+00:00","https://twitter.com/realDonaldTrump/status/1254021070379769856","Sat Apr 25 12:14:56 PM +0000 2020",""

"1253788620642750464","I will be having a White House Press Conference today at 5:30 P.M. Thank you!","13709","107429","2020-04-24 20:51:16+00:00","https://twitter.com/realDonaldTrump/status/1253788620642750464","Fri Apr 24 8:51:16 PM +0000 2020",""

"1253779068560039939","","9217","47528","2020-04-24 20:13:18+00:00","https://twitter.com/realDonaldTrump/status/1253779068560039939","Fri Apr 24 8:13:18 PM +0000 2020",""

"1253762674137149446","I will never let our Post Office fail. It has been mismanaged for years, especially since the advent of the internet and modern-day technology. The people that work there are great, and we’re going to keep them happy, healthy, and well!","31296","179747","2020-04-24 19:08:09+00:00","https://twitter.com/realDonaldTrump/status/1253762674137149446","Fri Apr 24 7:08:09 PM +0000 2020",""

"1253700113383534598","Great conversation with President Lenin Moreno of the Republic of Ecuador. We will be sending them desperately needed Ventilators, of which we have recently manufactured many, and helping them in other ways. They are fighting hard against CoronaVirus!","16985","82179","2020-04-24 14:59:34+00:00","https://twitter.com/realDonaldTrump/status/1253700113383534598","Fri Apr 24 2:59:34 PM +0000 2020",""

"1253699994516946945","Just spoke to President Juan Orlando Hernandez of the Republic of Honduras. We work closely together on the Southern Border. Will be helping him with his request for Ventilators and Testing.","14425","75721","2020-04-24 14:59:05+00:00","https://twitter.com/realDonaldTrump/status/1253699994516946945","Fri Apr 24 2:59:05 PM +0000 2020",""

"1253697625573990400","Great News! Randall Stephenson, the CEO of heavily indebted AT&T, which owns and presides over Fake News @CNN, is leaving, or was forced out. Anyone who lets a garbage “network” do and say the things that CNN does, should leave ASAP. Hopefully replacement will be much better!","34737","133483","2020-04-24 14:49:41+00:00","https://twitter.com/realDonaldTrump/status/1253697625573990400","Fri Apr 24 2:49:41 PM +0000 2020",""

"1253695275585220608","I (or @VP) never gave Governor Brian Kemp an OK on those few businesses outside of the Guidelines. FAKE NEWS! Spas, beauty salons, tattoo parlors, &amp; barber shops should take a little slower path, but I told the Governor to do what is right for the great people of Georgia (&amp; USA)!","17283","79680","2020-04-24 14:40:20+00:00","https://twitter.com/realDonaldTrump/status/1253695275585220608","Fri Apr 24 2:40:20 PM +0000 2020",""

"1253690189144379392","Just spoke to President Nayib Bukele of El Salvador. Will be helping them with Ventilators, which are desperately needed. They have worked well with us on immigration at the Southern Border!","17938","98157","2020-04-24 14:20:08+00:00","https://twitter.com/realDonaldTrump/status/1253690189144379392","Fri Apr 24 2:20:08 PM +0000 2020",""

"1253688241947107331","Just spoke to my friend, President Joko Widodo of the Republic of Indonesia. Asking for Ventilators, which we will provide. Great cooperation between us!","25291","131799","2020-04-24 14:12:23+00:00","https://twitter.com/realDonaldTrump/status/1253688241947107331","Fri Apr 24 2:12:23 PM +0000 2020",""

"1253683467801563138","Our Country wants to move safely forward. There is a tremendous pent up demand. We will open big!","27940","166849","2020-04-24 13:53:25+00:00","https://twitter.com/realDonaldTrump/status/1253683467801563138","Fri Apr 24 1:53:25 PM +0000 2020",""

"1253681801018605568","The Fake and totally corrupt News is after her as a means of getting to me. She’s smart and strong, knows the truth. Already a heroine to many!","19100","65524","2020-04-24 13:46:48+00:00","https://twitter.com/realDonaldTrump/status/1253681801018605568","Fri Apr 24 1:46:48 PM +0000 2020",""

"1253679654734573570","Getting VERY good reviews of the job the Federal Government is doing on CoronaVirus. Ventilators, building hospitals, beds and yes, Testing, have been handled incredibly well. Testing is getting exponentially better every day. Love seeing our Country safely opening up!","21782","111901","2020-04-24 13:38:16+00:00","https://twitter.com/realDonaldTrump/status/1253679654734573570","Fri Apr 24 1:38:16 PM +0000 2020",""

"1253541647696179200","Important news!","20548","100201","2020-04-24 04:29:53+00:00","https://twitter.com/realDonaldTrump/status/1253541647696179200","Fri Apr 24 4:29:53 AM +0000 2020",""

"1253538626992046080","Disgraceful. Should join the Republican Party!","22858","82557","2020-04-24 04:17:52+00:00","https://twitter.com/realDonaldTrump/status/1253538626992046080","Fri Apr 24 4:17:52 AM +0000 2020",""

"1253472446377873409","Governor @JimJusticeWV is a tremendous fighter for the incredible people of West Virginia. Big Jim is strong on Life, the Second Amendment, and Building the Wall! With Governors like Jim, America will recover and get back to business. Jim has my Complete and Total Endorsement!","14425","64673","2020-04-23 23:54:54+00:00","https://twitter.com/realDonaldTrump/status/1253472446377873409","Thu Apr 23 11:54:54 PM +0000 2020",""

"1253467642431705091","Congressman @SteveStivers is doing a terrific job for the People of Ohio! He defends our Borders, Supports our Veterans, Strong on Crime, and the Second Amendment. Steve has my Complete and Total Endorsement!","7864","30126","2020-04-23 23:35:48+00:00","https://twitter.com/realDonaldTrump/status/1253467642431705091","Thu Apr 23 11:35:48 PM +0000 2020",""

"1253467417482801154","Congressman Bill Posey is a tremendous fighter for the Great State of Florida. He is a big supporter of our #MAGA Agenda – Strong on Crime, the Second Amendment, and Loves our Veterans and Law Enforcement. Bill has my Complete and Total Endorsement!","14722","67818","2020-04-23 23:34:55+00:00","https://twitter.com/realDonaldTrump/status/1253467417482801154","Thu Apr 23 11:34:55 PM +0000 2020","#MAGA"

"1253466787829735425","Congressman @MikeTurnerOH is a strong supporter and fighter for the People of Ohio! He will help us #MAGA! He’s Strong on the Border, Tough on Crime, will Protect our Vets, and our GREAT Second Amendment. Mike has my Complete and Total Endorsement!","7318","27179","2020-04-23 23:32:25+00:00","https://twitter.com/realDonaldTrump/status/1253466787829735425","Thu Apr 23 11:32:25 PM +0000 2020","#MAGA"

"1253465846376280066","Congressman @Troy_Balderson is doing a GREAT job for the People of Ohio! He will always Protect your #2A, Defend our Borders, and Support Small Business – a great supporter of the #MAGA Agenda. Troy has my Complete and Total Endorsement!","6926","25777","2020-04-23 23:28:40+00:00","https://twitter.com/realDonaldTrump/status/1253465846376280066","Thu Apr 23 11:28:40 PM +0000 2020","#2A #MAGA"

"1253465581413597184","Congressman @DaveJoyceOH14 is a tremendous fighter for the Great State of Ohio! He is Tough on Crime, our Border, Second Amendment, and helps us Combat Illegal Drugs! David has my Complete and Total Endorsement! https://secure.winred.com/davejoyce/donate","6672","25470","2020-04-23 23:27:37+00:00","https://twitter.com/realDonaldTrump/status/1253465581413597184","Thu Apr 23 11:27:37 PM +0000 2020",""

"1253465418263605249","Congressman @BradWenstrup is doing a tremendous job for the People of Ohio! He’s a proud Veteran and is Strong on the Border, Tough on Crime, the Second Amendment, and Supports Small Business. Brad has my Complete and Total Endorsement! https://secure.winred.com/usabrad/donate","6715","25045","2020-04-23 23:26:58+00:00","https://twitter.com/realDonaldTrump/status/1253465418263605249","Thu Apr 23 11:26:58 PM +0000 2020",""

"1253464153530011650","....My co-chair in Utah and a really great guy. Sean has my Complete and Total Endorsement!","5840","29062","2020-04-23 23:21:57+00:00","https://twitter.com/realDonaldTrump/status/1253464153530011650","Thu Apr 23 11:21:57 PM +0000 2020",""

"1253464152233906178","Utah Attorney General Sean Reyes (@SeanReyesUT) is a fighter and hard worker for the Great State of Utah. He is a big supporter of our #MAGA Agenda – Strong on Crime, the Second Amendment, and Loves our Law Enforcement....","9006","41481","2020-04-23 23:21:56+00:00","https://twitter.com/realDonaldTrump/status/1253464152233906178","Thu Apr 23 11:21:56 PM +0000 2020","#MAGA"
